Location,Time,TPopulation1July,TPopulationMale1July,TPopulationFemale1July,Births,Deaths,MedianAgePop,PopGrowthRate,NetMigrations,TFR,LEx,LExMale,LExFemale,LE15,LE65,CBR,CDR,PopSexRatio,InfantDeaths,Under5Deaths,PopChange,LE65Male,LE65Female,LE15Male,LE15Female,NatChange,PopDensity
Republic of Korea,1950,19757.321,10089.463,9667.858,784.803,931.034,17.6863,0.002,146.698,6.0628,22.2262,17.4717,34.571,21.2897,7.3665,39.722,47.123,104.3609,142.737,289.005,0.465,5.6607,9.4707,13.7031,41.1771,-146.231,199.6839
Republic of Korea,1951,19868.99,10018.324,9850.666,811.47,754.519,17.4779,1.122,165.917,6.0891,26.6418,20.9753,38.1926,25.6984,8.0752,40.841,37.975,101.702,132.153,246.671,222.872,6.3752,9.8888,17.2134,43.0096,56.951,200.8125
Republic of Korea,1952,20229.879,10144.22,10085.66,842.481,516.717,17.4542,2.466,173.145,6.1215,36.5663,31.7034,42.9298,37.289,9.123,41.645,25.542,100.5806,124.901,214.954,498.907,7.7708,10.3251,30.7677,45.7616,325.764,204.4599
Republic of Korea,1953,20775.325,10415.249,10360.076,879.007,458.268,17.565,2.85,171.248,6.1711,40.5054,36.827,44.8435,41.2752,9.6376,42.31,22.058,100.5326,117.83,191.061,591.984,8.3787,10.6987,36.3632,47.0744,420.739,209.9727
Republic of Korea,1954,21415.573,10751.396,10664.176,910.76,385.241,17.712,3.215,162.989,6.1738,46.0778,43.942,48.4248,45.6714,10.1496,42.528,17.989,100.8179,110.614,172.21,688.512,9.0347,11.0452,43.2666,48.3029,525.519,216.4435
Republic of Korea,1955,22125.103,11129.887,10995.216,942.519,363.086,17.8681,3.302,151.123,6.1687,48.3534,46.2008,50.7035,46.4508,10.4619,42.6,16.411,101.2248,103.923,157.322,730.547,9.3502,11.3444,44.0779,49.0297,579.433,223.6146
Republic of Korea,1956,22874.434,11516.74,11357.694,977.327,347.712,18.0177,3.358,138.492,6.175,50.2037,48.0571,52.5336,47.1009,10.7286,42.726,15.201,101.4003,98.494,146.033,768.116,9.6212,11.599,44.7615,49.6291,629.615,231.188
Republic of Korea,1957,23660.791,11911.603,11749.188,1016.567,339.825,18.1534,3.401,127.856,6.178,51.5543,49.4538,53.8151,47.5962,10.9341,42.964,14.362,101.3823,94.922,138.51,804.599,9.8291,11.793,45.2859,50.0743,676.742,239.1356
Republic of Korea,1958,24473.927,12319.762,12154.165,1051.167,347.167,18.2543,3.358,117.675,6.1523,51.8362,49.5445,54.3497,47.1692,10.763,42.95,14.185,101.3625,91.583,131.906,821.672,9.5481,11.7237,44.6521,49.9229,704.0,247.3538
Republic of Korea,1959,25298.233,12732.866,12565.368,1080.156,341.562,18.3061,3.269,88.341,6.0958,52.9353,50.5708,55.5159,47.5172,10.9038,42.697,13.501,101.333,88.818,126.9,826.94,9.6768,11.8663,45.0116,50.2393,738.594,255.6849
Republic of Korea,1960,26115.379,13142.885,12972.494,1098.755,338.65,18.3212,3.092,47.245,5.9942,53.7567,51.3799,56.3364,47.8345,11.0205,42.073,12.967,101.3135,85.818,121.922,807.353,9.7804,11.9881,45.3333,50.5342,760.105,263.9437
Republic of Korea,1961,26852.951,13518.34,13334.612,1096.972,335.992,18.2722,2.487,-93.179,5.8025,54.444,52.0314,57.0448,48.0932,11.1145,40.851,12.512,101.3778,82.183,116.75,667.79,9.853,12.0965,45.5871,50.7843,760.98,271.3982
Republic of Korea,1962,27509.237,13859.317,13649.92,1072.152,332.766,18.1273,2.344,-94.606,5.5623,55.0328,52.6529,57.5772,48.245,11.1503,38.974,12.097,101.534,77.588,110.492,644.782,9.903,12.1231,45.7991,50.8497,739.386,278.0312
Republic of Korea,1963,28145.54,14192.897,13952.642,1046.854,338.798,17.9025,2.231,-80.226,5.3336,54.9881,52.5039,57.6734,47.7714,10.9281,37.194,12.037,101.7219,72.322,103.234,627.824,9.6244,11.966,45.244,50.4913,708.056,284.4622
Republic of Korea,1964,28744.977,14508.782,14236.194,1011.083,337.758,17.6722,1.987,-102.284,5.0676,55.3355,52.6624,58.2592,47.6991,10.8951,35.174,11.75,101.9148,66.952,95.603,571.05,9.4891,12.0382,45.0093,50.6249,673.325,290.5206
Republic of Korea,1965,29284.338,14793.712,14490.626,988.466,334.413,17.5172,1.734,-146.386,4.8867,55.7837,52.8878,58.9899,47.7553,10.9073,33.754,11.42,102.0916,61.68,87.803,507.671,9.3801,12.1732,44.8571,50.9444,654.053,295.9718
Republic of Korea,1966,29845.941,15079.543,14766.397,978.557,346.334,17.4722,2.062,-16.688,4.782,55.4226,52.4625,58.7369,46.9651,10.5346,32.787,11.604,102.1207,56.999,80.131,615.535,8.9797,11.8401,44.0236,50.2377,632.223,301.6478
Republic of Korea,1967,30495.728,15399.824,15095.904,961.491,260.965,17.5093,2.243,-16.484,4.6148,60.8709,57.2379,64.8042,52.1446,12.959,31.529,8.557,102.0133,53.412,73.943,684.04,10.9141,14.6264,48.5429,56.0004,700.526,308.2151
Republic of Korea,1968,31175.29,15734.718,15440.572,958.414,266.46,17.5716,2.166,-16.868,4.5096,60.8684,57.1539,64.9221,51.7031,12.7116,30.743,8.547,101.905,49.916,68.375,675.084,10.6239,14.4204,48.039,55.6577,691.954,315.0833
Republic of Korea,1969,31852.761,16068.365,15784.396,965.717,264.694,17.6273,2.134,-21.175,4.4466,61.426,57.7193,65.435,51.9441,12.7917,30.318,8.31,101.799,47.274,64.091,679.858,10.6836,14.4942,48.2878,55.8535,701.023,321.9304
Republic of Korea,1970,32542.197,16408.688,16133.509,987.604,260.575,17.6945,2.148,-27.999,4.4586,62.1754,58.4686,66.1456,52.2269,12.872,30.348,8.007,101.7056,45.164,60.4,699.014,10.7616,14.5543,48.6068,56.0549,727.029,328.8984
Republic of Korea,1971,33239.853,16764.507,16475.346,961.733,259.117,17.8296,2.095,-6.326,4.2585,62.6697,58.9016,66.6958,52.5315,12.973,28.933,7.795,101.7551,41.806,55.879,696.298,10.7923,14.7102,48.8304,56.4391,702.616,335.9495
Republic of Korea,1972,33936.466,17132.133,16804.333,928.258,256.711,18.0128,2.054,25.382,4.0197,63.2199,59.3472,67.3772,52.8161,13.0586,27.353,7.564,101.9507,38.567,51.908,696.927,10.802,14.8798,49.0095,56.8561,671.547,342.9901
Republic of Korea,1973,34625.849,17498.278,17127.572,900.511,254.44,18.2242,1.969,35.779,3.8026,63.7732,59.8501,67.9893,53.0961,13.1221,26.007,7.348,102.1644,35.373,47.707,681.841,10.8246,14.9965,49.2432,57.1912,646.071,349.9575
Republic of Korea,1974,35287.837,17854.607,17433.23,868.32,253.2,18.5043,1.82,27.005,3.5551,64.2389,60.2415,68.5507,53.3505,13.1762,24.607,7.175,102.4171,32.465,44.014,642.134,10.8247,15.1221,49.424,57.5415,615.12,356.6481
Republic of Korea,1975,35875.742,18172.463,17703.28,838.408,252.398,18.8465,1.488,-52.332,3.3126,64.667,60.6006,69.0715,53.5868,13.2208,23.37,7.035,102.6503,29.821,40.499,533.677,10.8185,15.235,49.5907,57.8708,586.01,362.59
Republic of Korea,1976,36379.925,18431.423,17948.502,819.505,252.496,19.2148,1.305,-92.314,3.1191,65.0115,60.8775,69.5068,53.8092,13.2652,22.526,6.941,102.6906,27.578,37.205,474.688,10.805,15.3465,49.7358,58.1964,567.009,367.6857
Republic of Korea,1977,36843.637,18658.113,18185.523,807.976,264.507,19.5938,1.229,-90.737,2.9542,64.6207,60.3444,69.3786,53.2383,12.8964,21.93,7.179,102.5987,26.35,35.097,452.736,10.3769,15.0841,49.0217,57.8937,543.469,372.3723
Republic of Korea,1978,37281.935,18872.127,18409.807,772.737,263.169,20.0004,1.137,-85.721,2.6995,64.9607,60.4841,70.0058,53.4099,12.9377,20.727,7.059,102.5113,24.12,32.05,423.86,10.2859,15.2698,48.9932,58.3529,509.568,376.8021
Republic of Korea,1979,37710.899,19081.885,18629.014,823.277,249.629,20.449,1.151,-139.566,2.7481,66.1067,61.4626,71.292,54.4022,13.4374,21.831,6.62,102.431,24.143,31.417,434.068,10.6197,15.8785,49.8179,59.4829,573.648,381.1376
Republic of Korea,1980,38141.106,19294.155,18846.952,853.589,278.898,20.9232,1.118,-148.341,2.7338,64.8484,60.5317,69.6697,52.9708,12.5343,22.38,7.312,102.3728,23.629,30.327,426.347,10.0189,14.6926,48.7165,57.6895,574.691,385.4856
Republic of Korea,1981,38689.189,19564.785,19124.404,895.271,243.913,21.3871,1.731,18.442,2.6691,67.1406,62.4259,72.3236,55.0953,13.7016,23.14,6.304,102.3027,23.064,29.202,669.818,10.7999,16.1421,50.4388,60.1723,651.358,391.025
Republic of Korea,1982,39356.154,19894.327,19461.827,868.685,253.202,21.8287,1.687,48.638,2.4309,67.0612,62.5045,72.0299,54.8142,13.4435,22.072,6.434,102.2223,21.094,26.81,664.113,10.6804,15.7405,50.3177,59.6785,615.483,397.7659
Republic of Korea,1983,40000.941,20215.161,19785.781,790.777,267.484,22.2806,1.564,102.167,2.1023,66.7252,62.3223,71.5289,54.3165,13.0615,19.769,6.687,102.1701,17.958,23.255,625.46,10.4484,15.2373,49.9669,59.0271,523.293,404.2827
Republic of Korea,1984,40598.3,20514.881,20083.419,717.482,249.618,22.7507,1.402,101.394,1.8316,68.1088,63.6915,72.8087,55.4978,13.6625,17.673,6.148,102.1484,15.177,20.034,569.259,10.9841,15.8352,51.1392,60.0958,467.864,410.3201
Republic of Korea,1985,41148.963,20795.318,20353.645,686.8,252.68,23.2538,1.293,97.949,1.7051,68.4083,63.9192,73.2195,55.6352,13.6758,16.691,6.141,102.17,13.269,17.52,532.066,10.9557,15.9176,51.1955,60.3564,434.12,415.8855
Republic of Korea,1986,41718.505,21096.896,20621.608,667.624,250.397,23.7634,1.455,189.782,1.6229,69.0349,64.5358,73.8367,56.0887,13.8699,16.003,6.002,102.3048,11.78,15.399,607.017,11.1276,16.1284,51.6349,60.8055,417.227,421.6418
Republic of Korea,1987,42322.092,21424.621,20897.47,656.703,254.59,24.2646,1.418,198.057,1.5714,69.315,64.9163,73.9882,56.2241,13.8774,15.517,6.016,102.5226,10.77,13.975,600.157,11.198,16.0673,51.8668,60.8212,402.113,427.7421
Republic of Korea,1988,42922.977,21753.73,21169.248,657.214,248.15,24.7741,1.402,192.534,1.5575,70.1603,65.7115,74.8681,56.9119,14.2256,15.311,5.781,102.761,9.822,12.565,601.614,11.4784,16.4597,52.5026,61.5451,409.064,433.8152
Republic of Korea,1989,43524.767,22086.858,21437.909,663.912,248.052,25.2875,1.383,186.12,1.5638,70.684,66.3374,75.2499,57.2924,14.3778,15.254,5.699,103.0271,9.096,11.57,601.966,11.6853,16.5475,52.983,61.7887,415.86,439.8974
Republic of Korea,1990,44081.427,22397.804,21683.623,684.376,252.318,25.8059,1.16,79.294,1.6025,70.9936,66.7918,75.3916,57.4993,14.4194,15.525,5.724,103.2936,8.603,10.873,511.354,11.8234,16.4996,53.3271,61.8374,432.058,445.5235
Republic of Korea,1991,44439.15,22598.261,21840.89,729.68,254.828,26.3365,0.459,-270.754,1.7017,71.4024,67.2413,75.766,57.7841,14.5282,16.42,5.734,103.4677,8.316,10.364,204.092,11.9514,16.5986,53.653,62.0915,474.852,449.1389
Republic of Korea,1992,44653.695,22718.936,21934.758,739.339,248.496,26.8621,0.504,-265.849,1.7379,72.1755,68.0547,76.431,58.4509,14.8841,16.557,5.565,103.575,7.783,9.625,224.998,12.294,16.9184,54.3572,62.6543,490.843,451.3073
Republic of Korea,1993,44887.724,22853.958,22033.766,711.775,245.924,27.3632,0.541,-222.802,1.6827,72.7453,68.6097,76.9973,58.936,15.1432,15.857,5.479,103.7224,6.979,8.698,243.059,12.5117,17.1948,54.8252,63.1386,465.851,453.6726
Republic of Korea,1994,45130.84,22996.873,22133.967,704.169,252.682,27.8512,0.539,-208.309,1.6705,72.889,68.7871,77.1276,58.9936,15.1217,15.603,5.599,103.8986,6.403,8.027,243.175,12.5164,17.1597,54.9148,63.1868,451.487,456.1297
Republic of Korea,1995,45368.425,23136.768,22231.658,692.785,252.294,28.3361,0.511,-208.491,1.6456,73.3752,69.345,77.5118,59.4048,15.3254,15.27,5.561,104.0713,5.849,7.395,231.995,12.7498,17.3224,55.396,63.5003,440.491,458.5309
Republic of Korea,1996,45638.7,23285.924,22352.776,672.524,248.261,28.8,0.676,-115.705,1.5993,74.0207,70.0141,78.1052,59.9808,15.6517,14.736,5.44,104.1746,5.278,6.732,308.553,13.0603,17.6479,55.995,64.0266,424.263,461.2625
Republic of Korea,1997,45941.537,23444.765,22496.772,653.059,246.809,29.2441,0.647,-109.13,1.5554,74.5313,70.5097,78.6152,60.4277,15.9047,14.215,5.372,104.2139,4.777,6.101,297.121,13.2753,17.9241,56.4258,64.4763,406.25,464.3233
Republic of Korea,1998,46230.878,23597.63,22633.247,624.901,245.301,29.6979,0.609,-98.044,1.4966,75.035,71.0082,79.1108,60.8958,16.1792,13.517,5.306,104.2609,4.358,5.655,281.561,13.5176,18.2258,56.8857,64.9396,379.6,467.2476
Republic of Korea,1999,46500.383,23742.864,22757.519,607.708,242.813,30.1657,0.554,-107.448,1.4694,75.6173,71.6845,79.5547,61.4081,16.4588,13.069,5.222,104.3298,3.923,5.054,257.45,13.8448,18.4555,57.4919,65.3144,364.895,469.9714
Republic of Korea,2000,46766.661,23887.084,22879.577,599.446,239.373,30.6526,0.588,-84.96,1.4672,76.2351,72.3179,80.1373,61.9796,16.803,12.818,5.118,104.4035,3.621,4.658,275.106,14.1681,18.8245,58.078,65.8524,360.073,472.6627
Republic of Korea,2001,47043.468,24021.27,23022.198,541.042,234.534,31.1757,0.592,-28.006,1.3423,76.9195,72.9873,80.8211,62.6237,17.2087,11.501,4.985,104.3396,3.132,4.09,278.508,14.5223,19.2859,58.7062,66.4978,306.508,475.4603
Republic of Korea,2002,47299.12,24130.655,23168.466,489.165,238.26,31.7408,0.492,-18.105,1.2271,77.2304,73.4166,80.9848,62.9001,17.341,10.342,5.037,104.153,2.671,3.56,232.797,14.7271,19.3547,59.0995,66.6294,250.905,478.0441
Republic of Korea,2003,47514.16,24220.929,23293.232,472.791,243.513,32.3289,0.415,-31.994,1.1986,77.4974,73.8362,81.0765,63.1243,17.426,9.951,5.125,103.9827,2.4,3.188,197.283,14.9191,19.3539,59.4762,66.6798,229.278,480.2175
Republic of Korea,2004,47697.076,24295.854,23401.222,455.459,244.365,32.931,0.353,-42.549,1.1639,77.9571,74.2802,81.5555,63.5438,17.6793,9.549,5.123,103.823,2.158,2.847,168.547,15.1296,19.665,59.8796,67.1199,211.094,482.0662
Republic of Korea,2005,47851.644,24355.325,23496.319,432.815,244.403,33.5514,0.294,-47.821,1.1151,78.4486,74.8434,81.9587,64.0014,17.9537,9.045,5.108,103.6559,1.918,2.527,140.59,15.4287,19.9287,60.408,67.4911,188.412,483.6284
Republic of Korea,2006,48006.518,24416.622,23589.895,440.301,242.709,34.1812,0.352,-28.434,1.1449,79.0348,75.3973,82.5487,64.5557,18.3242,9.172,5.056,103.5046,1.803,2.339,169.157,15.7304,20.3496,60.9294,68.0504,197.592,485.1937
Republic of Korea,2007,48178.118,24490.415,23687.703,462.242,245.91,34.8041,0.361,-42.293,1.215,79.4323,75.8607,82.8498,64.9216,18.5461,9.594,5.104,103.3887,1.763,2.244,174.045,15.978,20.5395,61.3613,68.3203,216.332,486.928
Republic of Korea,2008,48356.493,24568.989,23787.503,447.507,245.168,35.4151,0.378,-19.63,1.1905,79.9956,76.3192,83.5059,65.4581,18.927,9.254,5.07,103.2853,1.617,2.063,182.704,16.2337,21.0297,61.7928,68.9501,202.339,488.7308
Republic of Korea,2009,48546.687,24655.061,23891.625,437.242,244.868,36.0092,0.407,5.308,1.1777,80.5504,76.8982,83.9994,65.9897,19.2937,9.007,5.044,103.1954,1.504,1.926,197.683,16.5859,21.3937,62.3491,69.4199,192.374,490.6531
Republic of Korea,2010,48769.332,24755.452,24013.88,449.665,254.109,36.5898,0.508,52.042,1.2264,80.7172,77.0577,84.1893,66.1383,19.3724,9.22,5.21,103.0881,1.475,1.885,247.609,16.6446,21.5114,62.4902,69.5922,195.556,492.9033
Republic of Korea,2011,49127.644,24895.999,24231.645,455.314,256.249,37.2124,0.955,269.958,1.2581,81.1685,77.51,84.6178,66.5756,19.6726,9.268,5.216,102.7417,1.441,1.852,469.013,16.9172,21.8328,62.9291,70.0063,199.065,496.5247
Republic of Korea,2012,49599.58,25068.874,24530.706,460.037,267.039,37.8747,0.957,281.866,1.2737,81.3075,77.6953,84.7082,66.6966,19.7052,9.275,5.384,102.1939,1.383,1.776,474.859,16.9778,21.8561,63.0964,70.0792,192.998,501.2945
Republic of Korea,2013,50071.164,25241.689,24829.476,433.882,267.513,38.5382,0.935,301.926,1.2056,81.8356,78.2319,85.1872,67.2123,20.0379,8.665,5.343,101.6602,1.271,1.651,468.311,17.2828,22.2023,63.6206,70.546,166.369,506.0607
Republic of Korea,2014,50539.056,25412.647,25126.408,427.701,268.255,39.2068,0.925,308.037,1.197,82.3641,78.7374,85.7044,67.73,20.3473,8.463,5.308,101.1392,1.212,1.585,467.471,17.5303,22.5638,64.1155,71.0523,159.446,510.7896
Republic of Korea,2015,50983.912,25576.742,25407.17,424.787,278.964,39.8667,0.828,276.427,1.2017,82.5404,79.0161,85.7693,67.8947,20.3873,8.332,5.472,100.6674,1.165,1.523,422.241,17.6356,22.5603,64.3831,71.1054,145.823,515.2857
Republic of Korea,2016,51297.839,25698.156,25599.683,397.938,283.904,40.4777,0.401,91.568,1.1401,82.9204,79.4366,86.0908,68.2627,20.6093,7.757,5.534,100.3847,1.064,1.407,205.614,17.859,22.7863,64.7916,71.415,114.034,518.4585
Republic of Korea,2017,51486.27,25775.545,25710.726,356.023,288.803,41.0508,0.333,104.029,1.0351,83.2784,79.8529,86.3858,68.6105,20.825,6.915,5.609,100.2521,0.925,1.245,171.249,18.0934,22.998,65.1978,71.6997,67.22,520.3629
Republic of Korea,2018,51640.894,25836.216,25804.678,322.572,302.79,41.6201,0.267,118.22,0.9512,83.34,79.9455,86.4484,68.6635,20.8048,6.246,5.863,100.1222,0.811,1.106,137.998,18.0809,23.0118,65.2814,71.7546,19.782,521.9257
Republic of Korea,2019,51767.846,25882.76,25885.087,295.28,307.997,42.1839,0.224,128.622,0.8805,83.6846,80.3402,86.7402,68.998,21.0249,5.704,5.95,99.991,0.718,0.989,115.906,18.3148,23.232,65.666,72.0363,-12.717,523.2088
Republic of Korea,2020,51858.482,25903.431,25955.05,270.034,317.301,42.7594,0.126,112.631,0.8121,83.6752,80.2775,86.8,68.9836,21.6281,5.207,6.119,99.8011,0.639,0.886,65.365,18.9034,23.8447,65.5989,72.0906,-47.267,524.1248
Republic of Korea,2021,51848.398,25876.232,25972.166,259.3,328.052,43.3662,-0.165,-16.778,0.7829,83.8517,80.5243,86.9169,69.1448,21.6501,5.001,6.327,99.6306,0.581,0.799,-85.533,18.9857,23.8287,65.8304,72.1925,-68.752,524.0229
Republic of Korea,2022,51782.512,25840.655,25941.857,256.588,390.625,43.9438,-0.089,87.8,0.78,82.727,79.5707,85.7651,68.0154,20.5001,4.955,7.544,99.6099,0.552,0.78,-46.239,17.8523,22.8456,64.881,71.0264,-134.037,523.357
Republic of Korea,2023,51748.739,25831.859,25916.88,236.394,345.502,44.4859,-0.041,87.8,0.72,84.3288,81.1941,87.1577,69.632,21.3165,4.568,6.677,99.6719,0.495,0.684,-21.306,18.6268,23.5459,66.513,72.4402,-109.108,523.0157
Republic of Korea,2024,51717.59,25814.137,25903.453,240.982,357.948,45.05,-0.079,75.963,0.7338,84.4336,81.3172,87.2828,69.6964,21.6779,4.66,6.921,99.6552,0.472,0.623,-40.992,19.1737,23.724,66.5822,72.5407,-116.966,522.7008
Republic of Korea,2025,51667.029,25774.811,25892.218,245.858,371.713,45.6188,-0.116,65.731,0.7494,84.5348,81.4371,87.3968,69.7929,21.7531,4.759,7.194,99.5466,0.474,0.617,-60.129,19.2637,23.8184,66.6981,72.6496,-125.855,522.1898
Republic of Korea,2026,51600.388,25726.865,25873.523,249.556,385.355,46.1864,-0.142,62.644,0.7617,84.6368,81.5563,87.5109,69.8903,21.8296,4.836,7.468,99.4332,0.472,0.611,-73.154,19.3532,23.913,66.8132,72.7586,-135.799,521.5163
Republic of Korea,2027,51518.845,25670.863,25847.982,253.247,398.774,46.7587,-0.175,55.597,0.7751,84.7413,81.6741,87.6297,69.9901,21.9079,4.916,7.74,99.3148,0.47,0.606,-89.932,19.4418,24.0111,66.9271,72.8719,-145.527,520.6922
Republic of Korea,2028,51423.43,25607.3,25816.13,256.007,411.868,47.3355,-0.196,54.96,0.7882,84.8494,81.7942,87.7502,70.0937,21.9894,4.978,8.009,99.1911,0.467,0.601,-100.898,19.5325,24.1117,67.0434,72.9874,-155.861,519.7278
Republic of Korea,2029,51314.016,25536.116,25777.899,257.327,424.931,47.907,-0.23,49.67,0.8003,84.9554,81.9116,87.8678,70.1951,22.0691,5.015,8.281,99.0621,0.46,0.594,-117.93,19.6204,24.2092,67.1567,73.0998,-167.604,518.622
Republic of Korea,2030,51188.584,25456.248,25732.336,257.973,437.931,48.4733,-0.26,47.022,0.8145,85.0584,82.0241,87.9824,70.2942,22.1485,5.04,8.555,98.9271,0.454,0.586,-132.935,19.706,24.3052,67.266,73.2098,-179.958,517.3543
Republic of Korea,2031,51048.174,25368.249,25679.926,257.078,450.504,49.0321,-0.29,45.549,0.8279,85.1705,82.148,88.1007,70.4018,22.2342,5.036,8.825,98.7863,0.443,0.574,-147.883,19.7994,24.4038,67.3858,73.3231,-193.426,515.9352
Republic of Korea,2032,50891.289,25271.391,25619.898,254.492,462.864,49.5828,-0.326,42.476,0.8392,85.2867,82.2755,88.2213,70.5134,22.3242,5.001,9.095,98.6397,0.43,0.558,-165.888,19.8958,24.5046,67.5092,73.4388,-208.372,514.3496
Republic of Korea,2033,50714.304,25163.767,25550.537,251.858,475.605,50.125,-0.371,35.681,0.853,85.3951,82.3935,88.3349,70.6179,22.4099,4.966,9.378,98.4863,0.418,0.544,-188.081,19.9855,24.6002,67.6236,73.5482,-223.747,512.5608
Republic of Korea,2034,50516.809,25045.109,25471.699,247.901,488.695,50.6528,-0.41,33.881,0.8635,85.4989,82.5045,88.4458,70.718,22.4915,4.907,9.674,98.3252,0.405,0.527,-206.91,20.0699,24.693,67.7315,73.6546,-240.794,510.5648
Republic of Korea,2035,50300.733,24916.39,25384.343,244.688,501.68,51.1634,-0.448,31.74,0.8763,85.6058,82.6178,88.5589,70.8212,22.5762,4.865,9.974,98.1565,0.393,0.511,-225.242,20.1562,24.7885,67.8415,73.7637,-256.992,508.3809
Republic of Korea,2036,50066.544,24777.949,25288.594,241.459,514.208,51.6431,-0.486,29.621,0.8876,85.7242,82.7476,88.6752,70.9354,22.6693,4.823,10.27,97.9807,0.38,0.494,-243.137,20.2552,24.8863,67.9675,73.8756,-272.749,506.014
Republic of Korea,2037,49813.426,24629.496,25183.93,239.072,527.026,52.0938,-0.528,24.853,0.8995,85.8377,82.8713,88.7875,71.0451,22.7586,4.799,10.58,97.7985,0.369,0.479,-263.098,20.3496,24.9809,68.0876,73.9838,-287.954,503.4558
Republic of Korea,2038,49541.158,24470.931,25070.226,236.943,539.764,52.5177,-0.568,21.379,0.9095,85.9516,82.9932,88.9016,71.1554,22.8495,4.783,10.895,97.6095,0.359,0.465,-281.439,20.4433,25.0778,68.2063,74.094,-302.821,500.704
Republic of Korea,2039,49251.889,24303.423,24948.466,236.084,552.389,52.9187,-0.603,19.211,0.9213,86.0686,83.1191,89.0171,71.2687,22.943,4.793,11.216,97.4145,0.35,0.453,-297.098,20.5398,25.1755,68.3287,74.2055,-316.305,497.7804
Republic of Korea,2040,48948.687,24128.614,24820.072,236.072,565.322,53.3016,-0.632,19.948,0.9335,86.1806,83.2375,89.1298,71.3771,23.0324,4.823,11.549,97.2141,0.344,0.443,-309.307,20.6305,25.271,68.4438,74.3144,-329.25,494.716
Republic of Korea,2041,48630.433,23945.982,24684.451,236.54,578.231,53.6691,-0.673,14.487,0.9449,86.2929,83.3541,89.2447,71.486,23.1228,4.864,11.89,97.0084,0.338,0.435,-327.2,20.7204,25.3685,68.5574,74.4254,-341.691,491.4995
Republic of Korea,2042,48299.744,23756.994,24542.75,236.775,591.104,54.0206,-0.692,20.161,0.9539,86.4073,83.4738,89.3595,71.5971,23.2148,4.902,12.238,96.7984,0.333,0.427,-334.177,20.8124,25.4663,68.674,74.5365,-354.329,488.1573
Republic of Korea,2043,47959.04,23563.109,24395.931,236.6,603.913,54.3547,-0.724,20.071,0.9611,86.5253,83.5989,89.4747,71.7115,23.3097,4.933,12.592,96.5862,0.326,0.418,-347.232,20.9089,25.5642,68.7958,74.6479,-367.313,484.7138
Republic of Korea,2044,47603.366,23361.951,24241.415,236.13,616.866,54.6809,-0.765,16.617,0.9689,86.6427,83.7212,89.5917,71.8255,23.4046,4.96,12.958,96.3721,0.319,0.41,-364.115,21.0034,25.6641,68.9151,74.7613,-380.736,481.1191
Republic of Korea,2045,47232.956,23153.817,24079.139,235.028,629.62,55.0031,-0.798,17.89,0.9777,86.7636,83.8487,89.7097,71.9431,23.5027,4.976,13.33,96.1572,0.312,0.4,-376.706,21.1021,25.7652,69.0393,74.8758,-394.592,477.3754
Republic of Korea,2046,46850.899,22940.522,23910.376,233.107,642.59,55.3255,-0.827,22.074,0.9879,86.8784,83.9693,89.8225,72.0548,23.5959,4.976,13.716,95.9438,0.304,0.391,-387.409,21.1962,25.8618,69.1572,74.9852,-409.483,473.514
Republic of Korea,2047,46452.061,22719.505,23732.555,229.442,655.108,55.6557,-0.883,15.397,0.9967,86.9944,84.0875,89.9411,72.1678,23.6901,4.939,14.103,95.7314,0.295,0.379,-410.266,21.2879,25.9638,69.2725,75.1004,-425.666,469.483
Republic of Korea,2048,46033.794,22489.513,23544.281,224.402,667.31,55.998,-0.926,16.648,1.006,87.1064,84.203,90.054,72.2768,23.7816,4.875,14.496,95.5201,0.283,0.365,-426.269,21.3783,26.0611,69.3853,75.2102,-442.908,465.2557
Republic of Korea,2049,45597.294,22251.383,23345.911,218.269,678.502,56.3572,-0.98,13.494,1.0156,87.2203,84.3193,90.1697,72.388,23.8754,4.787,14.88,95.3117,0.271,0.351,-446.73,21.4702,26.1617,69.4992,75.3229,-460.233,460.8441
Republic of Korea,2050,45143.134,22005.605,23137.529,211.343,688.851,56.7229,-1.023,15.924,1.0257,87.3345,84.437,90.2843,72.4995,23.9689,4.682,15.259,95.1078,0.259,0.335,-461.591,21.563,26.2615,69.6144,75.4347,-477.508,456.2539
Republic of Korea,2051,44671.15,21752.317,22918.833,203.678,698.157,57.0915,-1.08,12.104,1.0343,87.4489,84.5561,90.3975,72.6113,24.0625,4.559,15.629,94.9102,0.245,0.319,-482.377,21.6572,26.3601,69.731,75.545,-494.479,451.4837
Republic of Korea,2052,44178.842,21490.326,22688.515,195.84,706.094,57.4555,-1.137,8.021,1.0418,87.5671,84.6765,90.5169,72.7268,24.1593,4.433,15.983,94.719,0.232,0.302,-502.239,21.7524,26.4643,69.8489,75.6615,-510.254,446.508
Republic of Korea,2053,43672.043,21222.644,22449.398,188.518,713.815,57.8136,-1.171,13.934,1.0498,87.672,84.7833,90.6244,72.8294,24.245,4.317,16.345,94.5355,0.22,0.286,-511.359,21.837,26.5581,69.9536,75.7664,-525.297,441.3859
Republic of Korea,2054,43157.452,20952.765,22204.687,181.711,719.646,58.1632,-1.2,20.11,1.0555,87.7864,84.9,90.7396,72.9413,24.3384,4.21,16.675,94.3619,0.209,0.271,-517.822,21.9299,26.659,70.0681,75.879,-537.935,436.185
Republic of Korea,2055,42632.67,20679.447,21953.223,176.731,723.878,58.5058,-1.247,15.413,1.065,87.9067,85.0241,90.8585,73.0591,24.437,4.145,16.979,94.1978,0.2,0.259,-531.742,22.0292,26.764,70.1897,75.9954,-547.147,430.8811
Republic of Korea,2056,42095.098,20401.327,21693.77,172.311,727.457,58.8421,-1.291,11.737,1.0711,88.0213,85.1427,90.9716,73.1715,24.5308,4.093,17.281,94.0423,0.192,0.247,-543.403,22.1245,26.8635,70.3063,76.1061,-555.146,425.448
Republic of Korea,2057,41545.089,20118.477,21426.612,169.386,729.56,59.1703,-1.34,3.551,1.0793,88.1388,85.262,91.0899,73.2867,24.6275,4.077,17.561,93.8948,0.185,0.238,-556.614,22.2207,26.9682,70.4235,76.222,-560.174,419.8891
Republic of Korea,2058,40984.543,19831.679,21152.863,167.434,730.577,59.4851,-1.377,-1.335,1.0877,88.2563,85.381,91.2088,73.4021,24.7238,4.085,17.826,93.7541,0.18,0.231,-564.478,22.3166,27.0735,70.5404,76.3386,-563.143,414.2238
Republic of Korea,2059,40421.032,19544.689,20876.343,165.89,731.494,59.7812,-1.392,3.068,1.0932,88.3594,85.4852,91.3144,73.5033,24.8075,4.104,18.097,93.6212,0.176,0.225,-562.543,22.4007,27.1669,70.643,76.4421,-565.604,408.5285
Republic of Korea,2060,39857.228,19258.713,20598.515,165.341,730.953,60.0575,-1.418,0.54,1.1004,88.465,85.5908,91.4235,73.6069,24.8934,4.148,18.339,93.4956,0.173,0.22,-565.067,22.486,27.2631,70.7469,76.5489,-565.612,402.8302
Republic of Korea,2061,39296.69,18975.422,20321.268,165.256,728.496,60.3292,-1.415,7.235,1.108,88.5803,85.7076,91.5393,73.7202,24.9883,4.205,18.538,93.3772,0.171,0.216,-556.009,22.5808,27.366,70.8618,76.6625,-563.24,397.1649
Republic of Korea,2062,38739.045,18694.504,20044.54,165.085,725.64,60.5835,-1.444,1.269,1.113,88.6921,85.8209,91.6517,73.83,25.0806,4.261,18.731,93.2648,0.168,0.212,-559.281,22.6724,27.4658,70.9733,76.7728,-560.555,391.5289
Republic of Korea,2063,38183.167,18415.313,19767.854,164.908,721.566,60.7983,-1.447,4.185,1.1182,88.8107,85.9427,91.7682,73.9465,25.1794,4.319,18.898,93.1579,0.165,0.208,-552.474,22.771,27.5696,71.093,76.8873,-556.658,385.9107
Republic of Korea,2064,37632.823,18139.686,19493.137,164.769,717.819,60.9409,-1.457,4.839,1.124,88.9152,86.0462,91.877,74.0492,25.2665,4.378,19.074,93.0568,0.163,0.205,-548.215,22.8549,27.6663,71.1949,76.994,-553.05,380.3485
Republic of Korea,2065,37088.067,17867.593,19220.474,164.401,712.377,61.039,-1.46,6.682,1.1292,89.0353,86.1683,91.9964,74.1672,25.3669,4.433,19.208,92.9613,0.16,0.201,-541.296,22.9546,27.772,71.3152,77.111,-547.976,374.8428
Republic of Korea,2066,36550.312,17599.644,18950.668,164.374,706.488,61.1392,-1.462,7.896,1.1377,89.1565,86.2905,92.1184,74.2863,25.4679,4.497,19.329,92.8708,0.157,0.198,-534.213,23.0534,27.8808,71.4352,77.2309,-542.114,369.4078
Republic of Korea,2067,36018.518,17335.13,18683.388,164.012,700.867,61.22,-1.47,7.48,1.1449,89.2642,86.399,92.2281,74.3922,25.5577,4.554,19.459,92.7837,0.155,0.195,-529.376,23.1418,27.9787,71.5421,77.3386,-536.855,364.033
Republic of Korea,2068,35493.421,17074.376,18419.044,163.526,693.984,61.28,-1.467,9.64,1.1519,89.3818,86.5182,92.3458,74.5078,25.6563,4.607,19.552,92.6996,0.152,0.191,-520.818,23.2394,28.0835,71.6595,77.4541,-530.458,358.7259
Republic of Korea,2069,34971.814,16815.59,18156.224,162.978,687.543,61.3745,-1.494,2.18,1.1584,89.4888,86.6272,92.4532,74.6131,25.7461,4.66,19.66,92.6161,0.15,0.188,-522.395,23.3281,28.1794,71.7669,77.5597,-524.565,353.4542
Republic of Korea,2070,34452.987,16558.229,17894.758,162.089,680.471,61.5062,-1.496,3.115,1.163,89.5993,86.7358,92.5689,74.7217,25.8394,4.705,19.751,92.5312,0.147,0.184,-515.26,23.4169,28.2825,71.8739,77.6733,-518.382,348.2105
Republic of Korea,2071,33941.698,16304.552,17637.147,161.246,672.864,61.6388,-1.495,4.307,1.1673,89.7116,86.8478,92.6838,74.8323,25.9346,4.751,19.824,92.4444,0.144,0.18,-507.317,23.508,28.386,71.984,77.7865,-511.618,343.0429
Republic of Korea,2072,33438.135,16054.595,17383.54,160.97,664.824,61.7577,-1.495,4.046,1.1749,89.8294,86.9676,92.8001,74.9482,26.0343,4.814,19.882,92.3552,0.141,0.177,-499.809,23.6061,28.4902,72.102,77.9008,-503.854,337.9535
Republic of Korea,2073,32943.024,15808.682,17134.342,160.16,656.636,61.8877,-1.489,6.059,1.178,89.9468,87.0849,92.9184,75.0639,26.1344,4.862,19.932,92.2631,0.139,0.173,-490.413,23.7022,28.5969,72.2176,78.0174,-496.476,332.9495
Republic of Korea,2074,32455.482,15566.225,16889.257,160.037,649.222,62.0511,-1.493,4.514,1.1856,90.0506,87.188,93.0246,75.1662,26.2228,4.931,20.003,92.1664,0.137,0.171,-484.672,23.7867,28.6927,72.3192,78.1221,-489.185,328.022
Republic of Korea,2075,31974.833,15326.896,16647.936,159.653,640.952,62.2355,-1.491,4.675,1.1914,90.1706,87.3086,93.1433,75.2844,26.3251,4.993,20.046,92.0648,0.134,0.167,-476.627,23.8859,28.7996,72.4382,78.239,-481.299,323.1642
Republic of Korea,2076,31501.188,15090.664,16410.523,159.076,633.001,62.4088,-1.494,3.26,1.1964,90.2869,87.421,93.2646,75.3988,26.4244,5.05,20.095,91.9572,0.132,0.164,-470.662,23.9776,28.9092,72.5486,78.3584,-473.925,318.3771
Republic of Korea,2077,31033.654,14857.128,16176.526,158.246,625.561,62.5612,-1.496,2.913,1.2008,90.3992,87.5344,93.3743,75.5095,26.5202,5.099,20.158,91.8438,0.129,0.161,-464.407,24.0711,29.008,72.6605,78.4665,-467.315,313.6518
Republic of Korea,2078,30572.95,14626.736,15946.214,157.121,617.696,62.7034,-1.495,3.569,1.2049,90.5125,87.6448,93.4897,75.6214,26.6181,5.139,20.204,91.7254,0.127,0.158,-457.0,24.1626,29.1128,72.7695,78.5804,-460.575,308.9956
Republic of Korea,2079,30119.415,14399.55,15719.866,155.47,610.497,62.8477,-1.494,4.948,1.2074,90.6184,87.7474,93.5981,75.7259,26.7092,5.162,20.269,91.601,0.124,0.154,-450.069,24.2472,29.2109,72.8708,78.6873,-455.027,304.4118
Republic of Korea,2080,29671.508,14174.901,15496.607,153.822,602.405,62.9736,-1.502,2.842,1.2124,90.7377,87.8686,93.7109,75.8435,26.8118,5.184,20.302,91.471,0.121,0.15,-445.746,24.3479,29.3123,72.9905,78.7982,-448.583,299.8849
Republic of Korea,2081,29227.156,13951.701,15275.456,151.603,594.719,63.0391,-1.516,0.166,1.2161,90.8468,87.9759,93.8187,75.9512,26.9061,5.187,20.348,91.3341,0.117,0.146,-442.958,24.4368,29.4104,73.0964,78.9047,-443.116,295.3939
Republic of Korea,2082,28788.346,13730.868,15057.478,149.184,586.574,63.0228,-1.51,2.72,1.2213,90.968,88.0959,93.9363,76.0708,27.0108,5.182,20.375,91.1897,0.114,0.142,-434.662,24.536,29.5171,73.2146,79.0207,-437.39,290.9589
Republic of Korea,2083,28355.718,13512.812,14842.906,146.595,578.4,62.93,-1.519,1.214,1.2273,91.0894,88.2135,94.0559,76.1906,27.1166,5.17,20.398,91.0389,0.11,0.137,-430.594,24.6344,29.6258,73.3308,79.1387,-431.805,286.5864
Republic of Korea,2084,27928.602,13297.263,14631.338,143.821,570.694,62.7354,-1.517,3.235,1.2337,91.213,88.3324,94.1785,76.3126,27.2239,5.15,20.434,90.8821,0.106,0.132,-423.638,24.7333,29.7368,73.4483,79.2594,-426.873,282.2696
Republic of Korea,2085,27505.925,13083.735,14422.19,140.828,563.576,62.472,-1.533,1.028,1.2389,91.3269,88.4407,94.2923,76.4251,27.3235,5.12,20.489,90.7195,0.103,0.128,-421.717,24.8234,29.8408,73.5552,79.3719,-422.748,277.9977
Republic of Korea,2086,27086.569,12871.768,14214.801,137.818,556.724,62.177,-1.54,1.91,1.2441,91.4412,88.5484,94.407,76.5379,27.4233,5.088,20.554,90.5519,0.099,0.123,-416.995,24.9129,29.9453,73.6614,79.4851,-418.906,273.7593
Republic of Korea,2087,26670.753,12661.723,14009.03,134.876,549.153,61.8666,-1.555,-0.358,1.2488,91.5694,88.6731,94.5296,76.6645,27.5354,5.057,20.59,90.3826,0.095,0.119,-414.636,25.0171,30.0566,73.7845,79.6059,-414.277,269.5567
Republic of Korea,2088,26258.922,12454.062,13804.86,131.891,541.837,61.6073,-1.558,0.932,1.2514,91.6928,88.7929,94.6473,76.7865,27.6437,5.023,20.634,90.2151,0.092,0.114,-409.026,25.1172,30.1641,73.9028,79.7222,-409.946,265.3944
Republic of Korea,2089,25851.776,12249.294,13602.482,129.211,534.492,61.3835,-1.568,0.0,1.2539,91.8149,88.9108,94.7638,76.907,27.7509,4.998,20.675,90.0519,0.088,0.11,-405.266,25.2159,30.2706,74.0191,79.8373,-405.281,261.2795
Republic of Korea,2090,25449.094,12047.454,13401.641,127.145,527.184,61.1917,-1.572,-0.05,1.2593,91.9338,89.0231,94.8807,77.0244,27.8552,4.996,20.715,89.8954,0.086,0.106,-400.097,25.3097,30.3767,74.1301,79.9524,-400.039,257.2097
Republic of Korea,2091,25051.893,11849.212,13202.68,125.354,519.348,61.0244,-1.574,-0.311,1.264,92.0524,89.1361,94.995,77.1416,27.9597,5.004,20.731,89.7485,0.083,0.103,-394.306,25.4047,30.4813,74.2418,80.0654,-393.994,253.1952
Republic of Korea,2092,24660.821,11655.011,13005.81,123.812,511.113,60.8759,-1.573,-0.545,1.2677,92.1692,89.2475,95.1076,77.2572,28.0633,5.021,20.726,89.6139,0.081,0.1,-387.839,25.4989,30.585,74.3519,80.1768,-387.301,249.2427
Republic of Korea,2093,24277.125,11465.536,12811.59,122.572,502.07,60.7399,-1.563,-0.045,1.2712,92.2949,89.3681,95.2281,77.3816,28.1748,5.049,20.681,89.4935,0.079,0.097,-379.552,25.601,30.6962,74.4711,80.2959,-379.498,245.3648
Republic of Korea,2094,23902.073,11281.486,12620.588,121.702,492.832,60.6084,-1.55,0.569,1.2756,92.4184,89.4878,95.3451,77.5037,28.2845,5.092,20.619,89.3895,0.077,0.095,-370.551,25.7022,30.8045,74.5892,80.4118,-371.13,241.5742
Republic of Korea,2095,23535.546,11102.776,12432.769,121.071,483.507,60.4784,-1.54,-0.076,1.2799,92.5384,89.6024,95.461,77.6225,28.3911,5.144,20.544,89.3025,0.076,0.093,-362.505,25.7993,30.9119,74.7026,80.5266,-362.436,237.8697
Republic of Korea,2096,23179.092,10930.118,12248.974,120.501,473.323,60.3465,-1.512,2.427,1.2832,92.6705,89.7284,95.5893,77.7533,28.5088,5.199,20.42,89.2329,0.074,0.091,-350.402,25.9064,31.0307,74.8271,80.6536,-352.822,234.2671
Republic of Korea,2097,22833.463,10763.762,12069.7,119.94,463.572,60.2131,-1.493,2.779,1.2848,92.7927,89.8448,95.7084,77.8741,28.6175,5.253,20.302,89.18,0.072,0.089,-340.857,26.005,31.1413,74.942,80.7715,-343.632,230.7739
Republic of Korea,2098,22496.481,10602.446,11894.034,119.494,453.967,60.0836,-1.481,1.372,1.2866,92.9114,89.9585,95.8237,77.9917,28.7233,5.312,20.179,89.1409,0.071,0.087,-333.107,26.1015,31.2484,75.0545,80.8858,-334.473,227.3681
Republic of Korea,2099,22168.455,10446.246,11722.209,119.364,444.372,59.9606,-1.457,2.064,1.2916,93.0276,90.0705,95.9354,78.1068,28.8275,5.384,20.045,89.115,0.07,0.086,-322.944,26.1979,31.3526,75.1653,80.9966,-325.008,224.0528
Republic of Korea,2100,21848.791,10294.718,11554.074,119.211,435.057,59.8496,-1.448,-0.554,1.2961,93.1426,90.1807,96.0481,78.2208,28.9305,5.456,19.912,89.1003,0.069,0.084,-316.384,26.2926,31.4571,75.2746,81.1081,-315.846,220.822
Republic of Korea,2101,,,,,,,,,,,,,,,,,,,,,,,,,,
India,1950,346278.821,177866.756,168412.066,15287.998,7852.218,20.0151,2.129,-62.674,5.7316,41.1815,41.9257,40.4001,45.0585,10.8984,44.149,22.676,105.614,2674.658,4268.662,7373.108,10.7148,11.0816,45.2973,44.8006,7435.78,116.4671
India,1951,353870.057,181867.518,172002.538,15663.44,7973.004,19.9778,2.207,118.934,5.7721,41.5954,42.3113,40.8383,45.1333,10.9292,44.263,22.531,105.7354,2702.805,4338.945,7809.363,10.7365,11.1218,45.3402,44.9106,7690.436,119.0203
India,1952,361874.903,186091.02,175783.883,16082.888,8048.99,19.9346,2.266,166.424,5.8211,42.0866,42.7822,41.348,45.2789,10.9714,44.443,22.242,105.8635,2728.93,4376.175,8200.329,10.7697,11.173,45.4641,45.0804,8033.898,121.7127
India,1953,370104.574,190411.808,179692.766,16501.176,8169.725,19.8744,2.232,-72.441,5.8653,42.3863,43.0598,41.6702,45.2782,10.9888,44.585,22.074,105.9652,2761.104,4420.023,8259.013,10.7792,11.1983,45.4337,45.1126,8331.451,124.4806
India,1954,378687.138,194907.91,183779.228,16903.335,8122.085,19.8008,2.352,124.871,5.9061,43.2483,43.9172,42.5363,45.7561,11.088,44.637,21.448,106.0555,2775.18,4408.559,8906.116,10.8671,11.309,45.9018,45.6015,8781.25,127.3673
India,1955,387700.887,199634.05,188066.837,17219.755,8168.772,19.7206,2.353,70.393,5.9106,43.7399,44.4075,43.0291,45.9563,11.1383,44.415,21.07,106.1506,2790.336,4415.019,9121.381,10.9099,11.3678,46.089,45.816,9050.983,130.399
India,1956,396988.903,204503.706,192485.196,17526.403,8232.472,19.6343,2.382,160.728,5.9135,44.133,44.8014,43.4219,46.0937,11.1777,44.148,20.737,106.2439,2803.167,4422.837,9454.652,10.9423,11.4151,46.2091,45.9729,9293.931,133.5229
India,1957,406253.888,209327.292,196926.596,17825.651,8323.749,19.537,2.234,-426.584,5.9133,44.4145,45.0898,43.6963,46.1659,11.2037,43.878,20.489,106.2971,2819.19,4437.888,9075.317,10.9636,11.4472,46.2709,46.0571,9501.902,136.6391
India,1958,415777.442,214294.166,201483.276,18053.425,8374.386,19.4421,2.398,292.749,5.9031,44.7776,45.4612,44.0511,46.3205,11.2414,43.421,20.142,106.3583,2825.217,4436.016,9971.791,10.9968,11.4912,46.4211,46.2175,9679.039,139.8422
India,1959,425780.669,219547.42,206233.248,18321.021,8395.634,19.3469,2.357,109.277,5.8918,45.2602,45.9499,44.5266,46.585,11.2956,43.029,19.718,106.4559,2830.745,4425.046,10034.663,11.0465,11.5515,46.6883,46.4793,9925.387,143.2067
India,1960,435990.338,224897.758,211092.581,18705.011,8467.287,19.2261,2.382,146.955,5.9211,45.6104,46.295,44.8818,46.7533,11.331,42.902,19.421,106.5399,2854.273,4438.074,10384.676,11.0788,11.5911,46.8561,46.6487,10237.724,146.6406
India,1961,446564.729,230447.351,216117.378,19054.933,8586.012,19.0883,2.411,295.177,5.937,45.8244,46.4917,45.1135,46.8277,11.3467,42.67,19.227,106.6306,2884.626,4469.358,10764.105,11.0931,11.6087,46.9272,46.7275,10468.921,150.1972
India,1962,457283.09,236052.756,221230.333,19422.986,8679.852,18.9347,2.334,-70.514,5.9533,46.1335,46.7819,45.442,46.9797,11.3734,42.475,18.981,106.7,2911.136,4493.464,10672.617,11.1197,11.6354,47.0821,46.877,10743.134,153.8022
India,1963,468138.575,241706.792,226431.783,19783.962,8767.243,18.7707,2.358,21.64,5.9691,46.4581,47.0853,45.7886,47.1553,11.3997,42.261,18.728,106.746,2937.691,4517.732,11038.354,11.1484,11.6589,47.2625,47.0481,11016.719,157.4533
India,1964,479229.598,247474.637,231754.961,20156.989,8871.38,18.6072,2.325,-141.916,5.9794,46.7418,47.3486,46.0935,47.3065,11.4176,42.061,18.512,106.7829,2966.339,4547.787,11143.692,11.173,11.6698,47.4201,47.1926,11285.609,161.1836
India,1965,490140.146,253125.772,237014.373,20414.205,9488.511,18.455,2.179,-248.299,5.9411,45.5579,46.0934,44.9847,46.8356,11.2037,41.65,19.359,106.7976,3125.524,4856.305,10677.404,10.959,11.4568,46.901,46.7754,10925.694,164.8533
India,1966,500740.247,258584.128,242156.119,20632.991,9543.208,18.3143,2.102,-566.982,5.8806,45.8839,46.4063,45.3247,47.0259,11.2219,41.205,19.058,106.7841,3125.899,4846.431,10522.798,10.9937,11.4583,47.103,46.9532,11089.783,168.4185
India,1967,511606.372,264192.794,247413.578,20889.458,9609.694,18.1842,2.191,-70.314,5.8248,46.1835,46.6962,45.6348,47.2008,11.2361,40.831,18.783,106.7818,3133.666,4842.372,11209.451,11.028,11.4522,47.2942,47.1109,11279.764,172.0732
India,1968,522716.888,269901.346,252815.543,21162.298,9155.304,18.1035,2.107,-995.416,5.7598,47.9249,48.4788,47.3333,48.0017,11.4757,40.485,17.515,106.7582,3004.399,4554.846,11011.583,11.3006,11.6582,48.1653,47.8356,12006.994,175.8101
India,1969,533880.544,275587.948,258292.595,21386.207,9218.629,18.0789,2.12,-851.844,5.6842,48.2601,48.8083,47.6751,48.2034,11.5073,40.058,17.267,106.696,3010.477,4552.65,11315.727,11.348,11.6737,48.3835,48.0203,12167.578,179.5649
India,1970,545864.268,281785.46,264078.808,21705.42,9287.486,18.0968,2.318,233.782,5.624,48.5852,49.1228,48.0115,48.4,11.5509,39.763,17.014,106.7051,3019.747,4553.243,12651.722,11.398,11.7107,48.5842,48.2127,12417.934,183.5955
India,1971,558096.387,288103.704,269992.683,22169.873,9382.777,18.1261,2.117,-974.574,5.5647,48.9023,49.4338,48.3345,48.5933,11.6124,39.724,16.812,106.708,3045.373,4570.164,11812.517,11.4544,11.7771,48.7783,48.4038,12787.096,187.7096
India,1972,570482.142,294479.844,276002.298,22509.83,9468.018,18.1641,2.272,-82.816,5.4815,49.2126,49.7234,48.6666,48.8062,11.6844,39.458,16.597,106.6947,3069.158,4591.196,12958.991,11.5034,11.8727,48.9638,48.6457,13041.812,191.8754
India,1973,583465.598,301203.105,282262.492,22929.811,9517.149,18.2229,2.23,-404.743,5.4024,49.6418,50.1374,49.1116,49.0595,11.7835,39.299,16.311,106.7103,3079.467,4586.125,13007.921,11.5708,12.0045,49.1855,48.9318,13412.662,196.2423
India,1974,597041.391,308263.236,288778.155,23284.797,9488.999,18.2952,2.369,347.869,5.3248,50.2589,50.7382,49.7459,49.3969,11.9092,39.0,15.893,106.7474,3066.795,4538.605,14143.666,11.6573,12.1715,49.4808,49.3138,13795.798,200.8084
India,1975,611309.535,315742.315,295567.22,23451.07,9492.655,18.3872,2.355,434.205,5.1945,50.7615,51.2106,50.2806,49.678,12.005,38.362,15.528,106.8259,3043.847,4493.922,14392.622,11.7074,12.3163,49.6968,49.6643,13958.415,205.6073
India,1976,625861.883,323365.537,302496.346,23935.743,9499.653,18.4825,2.351,275.984,5.1301,51.3019,51.7082,50.867,49.9701,12.0857,38.244,15.179,106.899,3035.523,4455.361,14712.074,11.7396,12.4493,49.9055,50.0467,14436.09,210.5018
India,1977,640801.103,331199.078,309602.024,24070.485,9494.743,18.5823,2.367,590.626,5.0074,51.8221,52.1784,51.4412,50.2404,12.1391,37.563,14.817,106.9757,3005.524,4395.399,15166.366,11.7461,12.5537,50.0843,50.4174,14575.742,215.5265
India,1978,655728.229,338986.458,316741.771,24359.834,9461.506,18.6799,2.24,-210.444,4.8884,52.4204,52.6987,52.1248,50.5399,12.1794,37.149,14.429,107.023,2969.365,4321.053,14687.886,11.7355,12.6501,50.262,50.8519,14898.328,220.547
India,1979,671155.746,347037.463,324118.284,24833.593,9440.533,18.7765,2.409,774.094,4.8077,53.0143,53.2123,52.8071,50.8266,12.2049,37.001,14.066,107.0712,2949.671,4258.721,16167.149,11.7107,12.731,50.4309,51.2709,15393.06,225.7359
India,1980,687354.026,355512.998,331841.028,25471.068,9452.574,18.8717,2.361,210.914,4.7753,53.5928,53.7009,53.4852,51.1007,12.2187,37.057,13.752,107.1335,2949.595,4221.704,16229.409,11.6723,12.8025,50.5833,51.6828,16018.494,231.184
India,1981,703696.25,364008.144,339688.106,25868.44,9446.656,18.9556,2.338,33.243,4.6983,54.1726,54.1866,54.1703,51.3703,12.229,36.761,13.424,107.1595,2931.486,4171.057,16455.039,11.6281,12.8735,50.7338,52.0886,16421.784,236.6806
India,1982,720313.473,372616.98,347696.492,26221.359,9431.252,19.0376,2.33,-10.687,4.6199,54.7354,54.6529,54.8415,51.6297,12.2384,36.403,13.093,107.1673,2901.386,4111.065,16779.408,11.5801,12.9474,50.8778,52.4812,16790.107,242.2696
India,1983,737372.68,381443.628,355929.052,26637.447,9418.132,19.1199,2.352,119.694,4.5651,55.2829,55.1058,55.4964,51.8802,12.2512,36.125,12.773,107.1684,2874.459,4053.912,17339.007,11.5337,13.0263,51.0197,52.8581,17219.315,248.0073
India,1984,754875.449,390484.744,364390.704,27113.113,9414.278,19.1988,2.34,-32.313,4.516,55.8125,55.5441,56.1298,52.1201,12.2693,35.917,12.471,107.161,2854.1,4004.173,17666.53,11.4934,13.1097,51.1583,53.2162,17698.835,253.8941
India,1985,772647.793,399637.317,373010.476,27366.95,9398.794,19.2728,2.314,-89.991,4.4316,56.3239,55.9725,56.7356,52.3513,12.2952,35.42,12.164,107.1384,2819.667,3941.858,17878.158,11.4638,13.197,51.3006,53.5508,17968.156,259.8717
India,1986,790689.978,408901.979,381787.999,27848.424,9392.671,19.3413,2.303,-249.545,4.399,56.8193,56.391,57.3177,52.5697,12.3318,35.22,11.879,107.1018,2793.996,3886.883,18206.212,11.4496,13.2884,51.4401,53.8598,18455.753,265.9399
India,1987,808931.27,418255.954,390675.317,27860.879,9365.36,19.4118,2.259,-219.15,4.3111,57.2908,56.7934,57.8658,52.7731,12.38,34.442,11.577,107.0597,2743.588,3808.548,18276.372,11.4537,13.3822,51.5767,54.1383,18495.519,272.0752
India,1988,827342.99,427700.589,399642.401,28040.342,9337.586,19.4935,2.242,-155.676,4.2218,57.7443,57.186,58.3847,52.9626,12.4407,33.892,11.286,107.0208,2691.065,3726.402,18547.068,11.4786,13.4773,51.7121,54.3861,18702.756,278.2678
India,1989,846039.529,437296.118,408743.41,28154.987,9306.084,19.5849,2.228,-2.907,4.1325,58.1959,57.5881,58.8873,53.1518,12.5137,33.279,11.0,106.9855,2639.247,3641.088,18846.01,11.5253,13.5723,51.863,54.6134,18848.903,284.5562
India,1990,864972.222,447021.579,417950.642,28171.519,9277.646,19.6865,2.199,125.514,4.0446,58.6184,57.9627,59.3576,53.3161,12.594,32.569,10.726,106.9556,2579.906,3548.734,19019.375,11.5895,13.6617,51.9923,54.8103,18893.873,290.924
India,1991,883927.6,456777.992,427149.608,28305.721,9256.426,19.7952,2.137,-157.911,3.9594,59.0324,58.3401,59.805,53.4766,12.6806,32.023,10.472,106.9363,2526.168,3460.706,18891.383,11.6719,13.7434,52.1314,54.9863,19049.295,297.2994
India,1992,902957.07,466595.27,436361.801,28365.203,9232.807,19.9141,2.123,35.155,3.8774,59.445,58.728,60.236,53.6369,12.7728,31.414,10.225,106.9285,2470.514,3370.192,19167.556,11.7732,13.815,52.2841,55.1447,19132.396,303.6998
India,1993,922118.387,476502.894,445615.493,28374.418,9221.706,20.0464,2.077,2.364,3.7986,59.823,59.0945,60.6167,53.774,12.8638,30.771,10.001,106.9314,2411.098,3278.636,19155.078,11.8875,13.8701,52.4278,55.2631,19152.712,310.1445
India,1994,941163.767,486384.161,454779.606,28512.692,9201.756,20.1862,2.012,-375.253,3.7232,60.2372,59.4915,61.0406,53.9334,12.9628,30.295,9.777,106.9494,2356.094,3188.404,18935.683,12.0175,13.9256,52.5895,55.4098,19310.936,316.5502
India,1995,960301.044,496344.7,463956.344,28588.052,9191.888,20.3351,2.014,-57.297,3.6511,60.6295,59.868,61.4421,54.0762,13.0606,29.77,9.572,106.9809,2300.14,3098.795,19338.869,12.1517,13.9756,52.7358,55.5398,19396.164,322.9868
India,1996,979678.458,506445.347,473233.112,28623.284,9180.936,20.4932,1.982,-26.388,3.5816,61.0269,60.2443,61.8577,54.2242,13.1606,29.217,9.371,107.0182,2239.866,3005.868,19415.961,12.288,14.0297,52.8819,55.6832,19442.348,329.5042
India,1997,999133.762,516593.457,482540.305,28659.995,9166.221,20.659,1.951,0.88,3.5136,61.4393,60.6228,62.3004,54.3831,13.2622,28.685,9.174,107.0571,2177.538,2910.483,19494.645,12.4204,14.0931,53.0282,55.8519,19493.774,336.0477
India,1998,1018665.08,526785.191,491879.889,28724.933,9155.892,20.8327,1.921,-1.049,3.4462,61.8525,60.9903,62.7594,54.5467,13.3632,28.199,8.988,107.0963,2115.796,2816.65,19567.992,12.5427,14.1674,53.1666,56.0418,19569.041,342.6169
India,1999,1038225.823,536988.171,501237.652,28790.31,9141.49,21.0125,1.883,-95.32,3.3831,62.2837,61.3672,63.248,54.7267,13.4647,27.73,8.805,107.1324,2053.229,2721.963,19553.494,12.6573,14.252,53.3125,56.2592,19648.82,349.1959
India,2000,1057922.733,547253.435,510669.298,29111.712,9127.431,21.1915,1.875,-143.96,3.3498,62.7492,61.7597,63.7937,54.9251,13.5628,27.518,8.628,107.164,2001.485,2636.156,19840.326,12.7602,14.3429,53.4577,56.5185,19984.281,355.8208
India,2001,1077898.575,557645.081,520253.493,29324.93,9143.233,21.3734,1.866,-70.346,3.3028,63.1581,62.102,64.2771,55.0887,13.6445,27.206,8.482,107.1872,1949.572,2555.847,20111.358,12.8453,14.4194,53.5736,56.7374,20181.697,362.5394
India,2002,1097600.38,567873.061,529727.319,29128.217,9103.545,21.5655,1.758,-732.419,3.2169,63.6486,62.5154,64.8551,55.3095,13.7248,26.538,8.294,107.201,1873.519,2449.265,19292.253,12.9267,14.4973,53.7383,57.0237,20024.672,369.1659
India,2003,1116803.006,577829.968,538973.038,28794.442,9074.469,21.7746,1.711,-606.97,3.1216,64.0862,62.8822,65.3757,55.4923,13.7834,25.783,8.125,107.2094,1785.914,2332.104,19112.998,12.9893,14.5505,53.869,57.2676,19719.973,375.6245
India,2004,1135991.513,587765.467,548226.047,28537.736,9067.055,22.0027,1.696,-206.66,3.0464,64.4843,63.2206,65.8439,55.6506,13.8255,25.121,7.982,107.2122,1702.451,2219.552,19264.017,13.0388,14.584,53.9861,57.4745,19470.681,382.0783
India,2005,1154676.322,597426.194,557250.128,28063.0,9027.957,22.2442,1.568,-929.454,2.9584,64.9385,63.6083,66.3762,55.8421,13.8692,24.304,7.819,107.2097,1610.506,2093.819,18105.6,13.0906,14.6188,54.1315,57.72,19035.043,388.3628
India,2006,1172878.89,606815.988,566062.902,27637.61,8995.89,22.5014,1.56,-342.177,2.8674,65.3726,63.9887,66.8728,56.0234,13.9153,23.564,7.67,107.1994,1520.013,1970.158,18299.535,13.1452,14.6554,54.2798,57.9397,18641.72,394.485
India,2007,1190676.021,615977.569,574698.451,27304.621,8972.693,22.7729,1.453,-1037.2,2.7753,65.8034,64.3725,67.3577,56.2065,13.9733,22.932,7.536,107.1827,1437.012,1854.648,17294.727,13.2103,14.7052,54.4368,58.1519,18331.928,400.4709
India,2008,1207930.964,624851.766,583079.198,27186.093,8950.896,23.0541,1.425,-1020.047,2.7114,66.2471,64.7785,67.8437,56.4031,14.0536,22.506,7.41,107.1641,1364.812,1751.16,17215.159,13.2952,14.7797,54.6177,58.3649,18235.197,406.2744
India,2009,1225524.753,633887.203,591637.549,27219.669,8934.34,23.3423,1.467,-312.905,2.674,66.7001,65.2032,68.3269,56.6129,14.1594,22.211,7.29,107.1411,1302.171,1659.915,17972.42,13.4025,14.8825,54.8218,58.5784,18285.329,412.1919
India,2010,1243481.564,643098.086,600383.478,26900.711,8908.604,23.6407,1.443,-50.905,2.5985,67.1616,65.6444,68.809,56.8329,14.2847,21.633,7.164,107.1146,1228.819,1560.787,17941.202,13.5274,15.0065,55.0443,58.7918,17992.107,418.2314
India,2011,1261224.954,652190.186,609034.769,26681.991,8889.398,23.9493,1.391,-247.017,2.5322,67.6228,66.0941,69.2802,57.0574,14.4207,21.156,7.048,107.0859,1157.712,1465.55,17545.579,13.6627,15.1414,55.2805,58.9988,17792.593,424.1992
India,2012,1278674.502,661116.668,617557.834,26432.416,8879.958,24.2652,1.357,-198.935,2.4699,68.0763,66.5438,69.735,57.2795,14.5586,20.672,6.945,107.0534,1088.642,1373.273,17353.517,13.8012,15.2772,55.5221,59.1944,17552.458,430.0682
India,2013,1295829.511,669876.676,625952.834,25995.998,8888.129,24.5883,1.309,-151.372,2.3992,68.499,66.9697,70.1513,57.4863,14.687,20.061,6.859,107.0171,1017.494,1281.925,16956.499,13.9335,15.4009,55.7548,59.3683,17107.869,435.8381
India,2014,1312277.191,678266.11,634011.081,25050.538,8884.412,24.9252,1.215,-227.263,2.2935,68.9323,67.416,70.5671,57.6948,14.8051,19.089,6.77,106.9802,930.448,1172.69,15938.863,14.0605,15.5106,55.9988,59.5328,16166.126,441.3701
India,2015,1328024.498,686298.736,641725.761,25147.251,8936.423,25.2708,1.171,-655.085,2.2887,69.326,67.8267,70.9399,57.882,14.9053,18.936,6.729,106.9458,877.6,1098.966,15555.749,14.1731,15.5996,56.2235,59.6751,16210.828,446.6665
India,2016,1343944.296,694417.091,649527.205,25207.147,9004.533,25.6132,1.212,81.248,2.284,69.7091,68.2312,71.2975,58.0668,14.9947,18.756,6.7,106.9112,832.164,1034.488,16283.848,14.2771,15.676,56.4486,59.8124,16202.614,452.021
India,2017,1359657.4,702419.096,657238.304,24466.744,9072.751,25.9609,1.114,-251.642,2.1934,70.0676,68.6103,71.6324,58.2409,15.0725,17.995,6.673,106.8743,768.099,955.501,15142.36,14.3696,15.7411,56.6598,59.9442,15393.993,457.3059
India,2018,1374659.064,710050.158,664608.906,24620.205,9169.448,26.3131,1.081,-589.794,2.1843,70.4152,68.9732,71.9635,58.4137,15.1427,17.91,6.67,106.8373,727.372,899.927,14860.968,14.4526,15.801,56.8622,60.0837,15450.757,462.3516
India,2019,1389030.312,717351.064,671679.248,24124.983,9264.482,26.6678,0.999,-978.969,2.1203,70.7463,69.3121,72.2871,58.5844,15.2056,17.368,6.67,106.7996,677.733,837.527,13881.528,14.5253,15.857,57.0534,60.2324,14860.501,467.1852
India,2020,1402617.695,724175.468,678442.228,23485.339,10118.286,27.0239,0.948,-73.806,2.0468,70.1563,68.5289,71.938,57.8076,14.4804,16.744,7.214,106.7409,625.665,774.069,13293.239,13.5855,15.3694,56.088,59.6925,13367.053,471.7552
India,2021,1414203.896,729924.103,684279.793,23321.853,13093.785,27.3478,0.699,-348.916,2.0136,67.2823,65.8699,68.8345,54.6772,12.472,16.491,9.259,106.6704,587.418,724.075,9879.162,11.8566,13.0769,53.1923,56.3103,10228.068,475.652
India,2022,1425423.212,735531.456,689891.756,23286.125,9373.178,27.6842,0.881,-1353.478,1.9936,71.6984,70.2368,73.2706,59.1107,15.3828,16.336,6.576,106.6155,555.885,682.13,12559.471,14.7061,16.0351,57.5836,60.7548,13912.947,479.4255
India,2023,1438069.596,741883.264,696186.332,23219.489,9507.008,28.0598,0.885,-979.179,1.9754,72.0026,70.5225,73.5977,59.2878,15.4422,16.146,6.611,106.5639,525.425,642.598,12733.296,14.7612,16.102,57.7509,60.9451,13712.481,483.679
India,2024,1450935.791,748323.427,702612.364,23186.978,9557.05,28.4413,0.896,-630.83,1.9622,72.2353,70.729,73.8556,59.6131,15.7803,15.981,6.587,106.5059,524.88,654.575,12999.094,15.0573,16.4798,58.0466,61.2992,13629.928,488.0064
India,2025,1463865.525,754775.449,709090.076,23073.267,9717.146,28.8288,0.879,-495.753,1.9435,72.4848,70.954,74.1337,59.7735,15.8569,15.762,6.638,106.4428,501.052,625.084,12860.373,15.1212,16.5711,58.1961,61.4728,13356.121,492.3552
India,2026,1476625.576,761119.796,715505.781,22988.461,9888.274,29.216,0.857,-440.456,1.9293,72.7164,71.1618,74.393,59.9282,15.9334,15.568,6.697,106.3751,480.803,600.054,12659.731,15.1864,16.6608,58.3407,61.6399,13100.187,496.6469
India,2027,1489164.674,767329.679,721834.995,22878.818,10053.751,29.6028,0.834,-406.591,1.9153,72.9624,71.3833,74.6673,60.0922,16.0142,15.364,6.751,106.3026,459.212,573.408,12418.464,15.2542,16.7561,58.4934,61.8175,12825.067,500.8643
India,2028,1501432.739,773379.083,728053.656,22754.838,10242.53,29.9894,0.807,-394.653,1.9019,73.1772,71.5747,74.9093,60.2342,16.0815,15.155,6.822,106.2256,439.785,549.443,12117.667,15.309,16.8377,58.6239,61.9733,12512.308,504.9905
India,2029,1513423.731,779266.885,734156.846,22649.125,10414.149,30.3761,0.784,-370.655,1.8916,73.4089,71.7888,75.1611,60.3972,16.1772,14.965,6.881,106.1445,421.191,526.623,11864.316,15.3938,16.9453,58.7795,62.1451,12234.976,509.0236
India,2030,1525138.844,784994.167,740144.678,22550.562,10596.097,30.7629,0.758,-388.547,1.8832,73.6316,71.992,75.4059,60.5529,16.2681,14.786,6.948,106.0596,403.423,504.758,11565.911,15.4685,17.0535,58.9218,62.3163,11954.465,512.9638
India,2031,1536540.602,790542.762,745997.839,22409.976,10787.748,31.15,0.731,-384.638,1.8728,73.8422,72.1857,75.6356,60.7025,16.3551,14.585,7.021,105.9712,386.691,484.258,11237.603,15.5423,17.1544,59.0618,62.4771,11622.228,516.7987
India,2032,1547607.124,795905.282,751701.842,22237.608,10974.276,31.5397,0.704,-367.88,1.8609,74.062,72.3904,75.8724,60.8608,16.4478,14.369,7.091,105.8804,369.506,463.26,10895.443,15.621,17.2617,59.2103,62.6464,11263.332,520.5208
India,2033,1558324.08,801075.967,757248.113,22082.669,11167.946,31.9324,0.676,-376.26,1.852,74.2747,72.5896,76.0999,61.016,16.539,14.171,7.167,105.7878,353.737,443.837,10538.468,15.7002,17.3651,59.3582,62.8099,10914.723,524.1253
India,2034,1568688.353,806054.512,762633.842,21924.896,11360.374,32.3292,0.65,-374.443,1.8445,74.4932,72.7977,76.3296,61.1752,16.6325,13.977,7.242,105.6935,337.788,424.156,10190.078,15.7827,17.4698,59.5114,62.9756,10564.522,527.6112
India,2035,1578694.796,810840.25,767854.546,21759.073,11565.829,32.7264,0.622,-370.451,1.8379,74.6947,72.9909,76.5402,61.3254,16.7209,13.783,7.326,105.5982,323.761,406.803,9822.807,15.8612,17.568,59.6571,63.1306,10193.244,530.9768
India,2036,1588325.359,815424.39,772900.968,21569.206,11770.893,33.1232,0.594,-359.995,1.8303,74.9006,73.1878,76.7558,61.4779,16.8102,13.58,7.411,105.5018,309.174,388.814,9438.32,15.9389,17.6689,59.8032,63.2899,9798.313,534.2159
India,2037,1597537.007,819784.708,777752.299,21363.357,11993.787,33.5163,0.562,-384.581,1.8223,75.084,73.3621,76.9491,61.6159,16.8909,13.373,7.508,105.4043,296.414,373.048,8984.976,16.008,17.7611,59.9346,63.4352,9369.57,537.3141
India,2038,1606300.648,823908.193,782392.456,21140.946,12201.772,33.9062,0.532,-396.862,1.8136,75.2866,73.5599,77.1565,61.7695,16.9812,13.161,7.596,105.3063,282.837,356.28,8542.307,16.0899,17.8597,60.086,63.5908,8939.174,540.2617
India,2039,1614639.241,827809.822,786829.418,20934.177,12407.792,34.2929,0.504,-391.513,1.8069,75.4915,73.7609,77.365,61.9267,17.0742,12.965,7.685,105.2083,269.97,340.27,8134.877,16.1746,17.9607,60.2415,63.7493,8526.385,543.0663
India,2040,1622580.039,831504.712,791075.326,20758.827,12612.595,34.6749,0.477,-399.517,1.8036,75.6984,73.9656,77.5738,62.0865,17.169,12.794,7.773,105.1107,257.825,325.036,7746.72,16.2605,18.0643,60.3996,63.9102,8146.232,545.7371
India,2041,1630119.369,834991.246,795128.122,20545.376,12836.397,35.0516,0.45,-377.029,1.7976,75.8824,74.1476,77.7593,62.2298,17.2534,12.604,7.875,105.0134,246.911,311.41,7331.939,16.3357,18.1583,60.5407,64.0555,7708.979,548.2729
India,2042,1637235.357,838259.109,798976.248,20330.311,13052.626,35.4219,0.421,-377.652,1.7917,76.0747,74.339,77.9521,62.3801,17.3423,12.417,7.972,104.9166,235.826,297.599,6900.039,16.4151,18.2569,60.6891,64.2074,7277.685,550.6662
India,2043,1643915.269,841302.058,802613.211,20130.64,13269.024,35.787,0.393,-401.828,1.7875,76.265,74.5308,78.1399,62.5306,17.4315,12.246,8.072,104.8204,225.564,284.735,6459.785,16.4971,18.3536,60.8406,64.3561,6861.616,552.913
India,2044,1650186.612,844135.118,806051.494,19947.418,13482.208,36.1468,0.369,-382.311,1.7846,76.4583,74.7244,78.332,62.684,17.5225,12.088,8.17,104.7247,215.65,272.248,6082.9,16.5801,18.4529,60.9938,64.5088,6465.21,555.0223
India,2045,1656067.582,846769.145,809298.438,19749.716,13702.678,36.5033,0.343,-368.009,1.7801,76.6415,74.9101,78.5118,62.831,17.6098,11.926,8.274,104.63,206.529,260.8,5679.041,16.6596,18.5484,61.1415,64.6544,6047.038,557.0003
India,2046,1661548.391,849200.664,812347.728,19576.964,13912.596,36.8584,0.318,-381.779,1.7773,76.8318,75.106,78.695,62.9896,17.7024,11.782,8.373,104.5366,198.666,250.817,5282.577,16.7469,18.6467,61.3042,64.8077,5664.368,558.8437
India,2047,1666628.146,851430.318,815197.829,19391.409,14133.553,37.2139,0.293,-380.935,1.7725,77.0096,75.2901,78.8648,63.1386,17.7893,11.635,8.48,104.4446,191.407,241.629,4876.933,16.8297,18.7384,61.458,64.9504,5257.856,560.5522
India,2048,1671309.726,853458.921,817850.805,19231.386,14351.952,37.5677,0.268,-393.206,1.7692,77.1885,75.4742,79.0372,63.2893,17.8781,11.507,8.587,104.3539,184.572,232.937,4486.226,16.9133,18.8328,61.6122,65.0964,4879.434,562.1268
India,2049,1675619.894,855300.549,820319.345,19095.247,14566.176,37.9182,0.247,-394.954,1.7672,77.3713,75.6645,79.2109,63.4437,17.9689,11.396,8.693,104.2643,178.031,224.559,4134.111,17.0019,18.9263,61.7733,65.2425,4529.071,563.5765
India,2050,1679589.259,856972.023,822617.236,18961.897,14785.322,38.2631,0.227,-371.956,1.7645,77.548,75.849,79.3781,63.5937,18.0579,11.29,8.803,104.1763,171.946,216.803,3804.618,17.0877,19.019,61.9294,65.3852,4176.575,564.9115
India,2051,1683220.886,858474.85,824746.035,18837.731,14997.693,38.6032,0.205,-381.402,1.7618,77.7294,76.0391,79.5492,63.7491,18.1509,11.191,8.91,104.0896,166.139,209.389,3458.635,17.1779,19.1153,62.0917,65.5322,3840.038,566.133
India,2052,1686507.891,859805.973,826701.919,18698.883,15216.102,38.9381,0.185,-367.41,1.757,77.9057,76.2245,79.7147,63.9001,18.2412,11.087,9.022,104.0044,160.457,202.196,3115.377,17.2659,19.2085,62.2498,65.6747,3482.781,567.2385
India,2053,1689465.438,860974.895,828490.544,18582.962,15436.24,39.2664,0.166,-347.008,1.7537,78.0803,76.4125,79.8736,64.0505,18.3311,10.999,9.137,103.9209,155.185,195.482,2799.717,17.3566,19.2979,62.4115,65.8117,3146.722,568.2333
India,2054,1692068.272,861968.485,830099.787,18444.415,15660.996,39.5808,0.142,-377.466,1.7478,78.2476,76.5907,80.0284,64.1969,18.4208,10.901,9.256,103.8391,150.491,189.503,2405.95,17.4455,19.3888,62.5668,65.9479,2783.419,569.1087
India,2055,1694328.245,862793.27,831534.975,18344.901,15872.179,39.8823,0.125,-358.727,1.7452,78.4246,76.7815,80.1895,64.3532,18.5178,10.827,9.368,103.7591,146.121,183.851,2113.996,17.5435,19.4851,62.7346,66.0906,2472.722,569.8688
India,2056,1696276.842,863465.414,832811.428,18262.98,16085.066,40.1735,0.105,-394.714,1.7442,78.6019,76.9726,80.3507,64.5092,18.6144,10.767,9.483,103.6808,141.874,178.342,1783.198,17.6401,19.5821,62.9015,66.2337,2177.914,570.5242
India,2057,1697919.569,863989.5,833930.068,18161.536,16292.879,40.466,0.088,-366.406,1.7414,78.7825,77.1716,80.5101,64.6687,18.7138,10.696,9.596,103.6046,137.587,172.854,1502.255,17.7447,19.6765,63.0774,66.3743,1868.657,571.0767
India,2058,1699255.337,864366.372,834888.965,18045.403,16505.745,40.7538,0.069,-370.373,1.7374,78.9589,77.3631,80.6692,64.8247,18.8109,10.62,9.714,103.5307,133.356,167.481,1169.282,17.8427,19.7734,63.2455,66.5165,1539.658,571.526
India,2059,1700265.999,864586.108,835679.891,17931.044,16723.56,41.0319,0.05,-355.444,1.7341,79.1298,77.5512,80.8207,64.9769,18.9058,10.546,9.836,103.459,129.452,162.506,852.043,17.9415,19.8653,63.4125,66.6518,1207.484,571.8659
India,2060,1700951.714,864648.852,836302.862,17822.217,16939.03,41.3015,0.031,-363.801,1.7318,79.3011,77.7375,80.9747,65.1299,19.0022,10.478,9.959,103.3894,125.696,157.713,519.386,18.0401,19.9606,63.578,66.7904,883.187,572.0965
India,2061,1701283.707,864540.029,836743.678,17686.837,17149.328,41.5666,0.008,-392.908,1.7276,79.4743,77.9284,81.1278,65.2854,19.1011,10.396,10.08,103.322,121.927,152.939,144.6,18.1447,20.0549,63.7493,66.9279,537.509,572.2082
India,2062,1701273.211,864268.125,837005.086,17585.817,17363.384,41.823,-0.01,-388.026,1.7274,79.6447,78.1183,81.2762,65.4385,19.1981,10.337,10.206,103.2572,118.438,148.459,-165.593,18.2483,20.1462,63.9197,67.0615,222.433,572.2047
India,2063,1700949.862,863849.041,837100.821,17455.638,17570.633,42.0629,-0.028,-366.113,1.7249,79.8173,78.3101,81.4274,65.5943,19.298,10.262,10.33,103.1953,114.929,143.996,-481.104,18.3552,20.2402,64.0927,67.1979,-114.995,572.0959
India,2064,1700300.211,863274.528,837025.682,17344.433,17781.016,42.2906,-0.048,-381.611,1.7249,79.9862,78.4961,81.5773,65.7473,19.3958,10.201,10.458,103.136,111.701,139.847,-818.199,18.4583,20.334,64.2609,67.3339,-436.583,571.8774
India,2065,1699297.227,862529.904,836767.323,17209.71,18002.693,42.5127,-0.07,-394.789,1.7231,80.1454,78.6728,81.7171,65.8914,19.488,10.128,10.594,103.0788,108.523,135.814,-1187.769,18.5574,20.4207,64.421,67.4603,-792.983,571.5401
India,2066,1697969.498,861631.77,836337.728,17082.729,18195.101,42.7316,-0.086,-355.315,1.7227,80.3218,78.8696,81.8706,66.0516,19.592,10.061,10.716,103.0244,105.229,131.63,-1467.688,18.6692,20.5179,64.5996,67.5999,-1112.372,571.0935
India,2067,1696316.154,860580.418,835735.736,16937.44,18406.086,42.9481,-0.108,-370.351,1.7207,80.4837,79.052,82.0098,66.1987,19.6868,9.985,10.851,102.9728,102.101,127.678,-1839.0,18.7718,20.6059,64.7651,67.7267,-1468.646,570.5374
India,2068,1694295.58,859354.13,834941.449,16791.47,18609.027,43.1624,-0.13,-384.594,1.7191,80.6477,79.2364,82.1514,66.3481,19.7833,9.911,10.983,102.9239,99.001,123.759,-2202.149,18.8765,20.6953,64.9327,67.8557,-1817.557,569.8578
India,2069,1691921.452,857960.73,833960.723,16632.918,18801.419,43.3741,-0.15,-377.612,1.7165,80.8143,79.424,82.2946,66.5003,19.8821,9.831,11.112,102.8778,95.977,119.923,-2546.106,18.9837,20.7867,65.1041,67.9868,-2168.501,569.0593
India,2070,1689202.539,856403.701,832798.838,16498.187,19004.294,43.5826,-0.171,-385.599,1.7165,80.9687,79.5975,82.4282,66.6419,19.9746,9.767,11.25,102.8344,93.272,116.481,-2891.719,19.0842,20.8725,65.2629,68.1094,-2506.107,568.1448
India,2071,1686157.65,854691.708,831465.942,16371.144,19189.709,43.7874,-0.19,-379.498,1.7174,81.1313,79.7781,82.571,66.7907,20.0721,9.709,11.381,102.7934,90.541,112.986,-3198.06,19.1884,20.9643,65.4281,68.2403,-2818.565,567.1207
India,2072,1682786.825,852825.908,829960.917,16213.598,19377.524,43.9887,-0.211,-379.666,1.715,81.2876,79.955,82.7047,66.9341,20.1654,9.635,11.515,102.7549,87.848,109.569,-3543.59,19.2903,21.05,65.5904,68.3629,-3163.926,565.987
India,2073,1679105.606,850814.059,828291.547,16075.982,19526.396,44.1864,-0.227,-368.429,1.7145,81.4583,80.1442,82.8549,67.0922,20.2723,9.574,11.629,102.7192,85.302,106.315,-3818.847,19.4049,21.1503,65.7654,68.5022,-3450.414,564.7488
India,2074,1675136.968,848669.404,826467.564,15942.145,19692.012,44.3806,-0.246,-368.561,1.7142,81.6145,80.3217,82.9876,67.237,20.3695,9.517,11.755,102.6864,83.013,103.372,-4118.431,19.513,21.2374,65.9305,68.6248,-3749.867,563.414
India,2075,1670860.308,846380.74,824479.567,15794.91,19855.673,44.5715,-0.265,-374.129,1.7121,81.7656,80.4902,83.1197,67.3772,20.4642,9.453,11.884,102.6564,80.751,100.499,-4434.889,19.6153,21.3256,66.0868,68.7474,-4060.763,561.9756
India,2076,1666299.927,843958.38,822341.547,15672.62,19997.581,44.759,-0.281,-360.915,1.7123,81.9228,80.6667,83.2558,67.5239,20.5638,9.406,12.001,102.6287,78.659,97.799,-4685.873,19.7232,21.4176,66.2513,68.8745,-4324.961,560.4418
India,2077,1661484.93,841418.79,820066.14,15555.657,20135.569,44.9426,-0.298,-364.203,1.7126,82.0789,80.8428,83.3899,67.6689,20.6621,9.363,12.119,102.6038,76.572,95.113,-4944.119,19.8314,21.5069,66.4151,68.999,-4579.912,558.8223
India,2078,1656416.56,838762.398,817654.162,15417.3,20269.332,45.1212,-0.313,-340.593,1.7101,82.2295,81.0114,83.5209,67.8096,20.7577,9.308,12.237,102.5816,74.581,92.571,-5192.623,19.9358,21.5946,66.5727,69.1211,-4852.032,557.1176
India,2079,1651101.286,835990.324,815110.961,15291.998,20380.09,45.2951,-0.329,-349.831,1.7084,82.3871,81.1869,83.6588,67.9567,20.8585,9.262,12.343,102.5615,72.588,90.027,-5437.924,20.0442,21.6886,66.7367,69.2499,-5088.092,555.3299
India,2080,1645548.761,833107.258,812441.502,15183.297,20494.5,45.4645,-0.344,-355.938,1.7081,82.5367,81.355,83.7883,68.0966,20.9541,9.227,12.455,102.5437,70.78,87.699,-5667.127,20.1494,21.7752,66.8944,69.3703,-5311.203,553.4624
India,2081,1639778.18,830122.734,809655.446,15050.318,20582.815,45.6296,-0.358,-341.529,1.7047,82.694,81.5282,83.9282,68.2439,21.0559,9.178,12.552,102.5279,68.869,85.275,-5874.034,20.258,21.8708,67.0564,69.5014,-5532.497,551.5215
India,2082,1633817.741,827049.598,806768.143,14956.248,20672.746,45.7898,-0.37,-330.348,1.7051,82.8445,81.6948,84.0613,68.3849,21.1529,9.154,12.653,102.5139,67.182,83.098,-6046.844,20.3625,21.961,67.2128,69.6257,-5716.498,549.5168
India,2083,1627669.471,823889.528,803779.943,14847.157,20750.772,45.9448,-0.384,-346.084,1.7035,82.9955,81.8642,84.1922,68.5264,21.2502,9.122,12.749,102.5019,65.489,80.93,-6249.696,20.4689,22.0496,67.3719,69.7479,-5903.615,547.4489
India,2084,1621344.018,820647.897,800696.12,14749.151,20818.681,46.094,-0.395,-331.679,1.7029,83.1419,82.027,84.3206,68.6643,21.3462,9.097,12.84,102.4918,63.976,78.988,-6401.211,20.5725,22.1384,67.5253,69.8688,-6069.53,545.3214
India,2085,1614843.929,817324.029,797519.9,14649.41,20894.03,46.2367,-0.409,-354.346,1.7018,83.2803,82.18,84.4432,68.7941,21.4359,9.072,12.939,102.4832,62.46,77.06,-6598.966,20.6697,22.2212,67.6692,69.9834,-6244.62,543.1351
India,2086,1608173.606,813917.538,794256.069,14564.53,20947.622,46.373,-0.419,-358.59,1.7024,83.4199,82.3325,84.5688,68.9259,21.5275,9.057,13.026,102.4755,61.131,75.339,-6741.68,20.7661,22.3085,67.8133,70.1019,-6383.092,540.8916
India,2087,1601390.982,810457.588,790933.393,14478.8,20992.632,46.5028,-0.426,-309.735,1.7028,83.5578,82.4833,84.6926,69.0561,21.6183,9.041,13.109,102.4685,59.819,73.655,-6823.569,20.8621,22.3945,67.9556,70.2187,-6513.832,538.6104
India,2088,1594493.06,806944.529,787548.531,14388.654,21026.113,46.6269,-0.437,-334.815,1.7025,83.6967,82.6367,84.8156,69.1869,21.7095,9.024,13.187,102.4628,58.464,71.93,-6972.273,20.9608,22.4784,68.1007,70.334,-6637.459,536.2903
India,2089,1587459.178,803365.525,784093.654,14299.522,21060.119,46.7453,-0.447,-334.893,1.7024,83.8259,82.7758,84.9342,69.3091,21.7948,9.008,13.267,102.4579,57.249,70.377,-7095.491,21.0492,22.5609,68.2323,70.4461,-6760.597,533.9246
India,2090,1580305.096,799728.76,780576.337,14200.394,21057.385,46.8578,-0.456,-355.671,1.7013,83.9678,82.9312,85.0611,69.4433,21.8903,8.986,13.325,102.4536,55.937,68.718,-7212.673,21.1515,22.6495,68.3798,70.5657,-6856.991,531.5184
India,2091,1573053.552,796046.088,777007.464,14110.744,21049.719,46.9651,-0.463,-351.45,1.7015,84.1026,83.0767,85.1842,69.5715,21.9823,8.97,13.381,102.4502,54.784,67.248,-7290.417,21.2472,22.7379,68.518,70.6828,-6938.975,529.0794
India,2092,1565745.949,792337.473,773408.475,14011.573,21023.391,47.0676,-0.468,-312.978,1.7007,84.2434,83.2292,85.3121,69.7051,22.0783,8.949,13.427,102.4475,53.546,65.681,-7324.788,21.3483,22.8289,68.663,70.8037,-7011.818,526.6216
India,2093,1558360.38,788591.76,769768.62,13891.195,20990.202,47.166,-0.478,-347.328,1.6974,84.3801,83.377,85.4364,69.8351,22.1722,8.914,13.469,102.4453,52.324,64.151,-7446.35,21.4461,22.9188,68.8036,70.9221,-7099.007,524.1375
India,2094,1550887.932,784804.331,766083.601,13787.845,20950.714,47.2611,-0.484,-335.68,1.6965,84.5164,83.5257,85.5592,69.9647,22.2655,8.89,13.509,102.4437,51.127,62.64,-7498.546,21.5449,23.0062,68.9451,71.0384,-7162.869,521.6242
India,2095,1543363.232,780993.382,762369.85,13676.409,20909.486,47.3523,-0.489,-317.78,1.6948,84.6446,83.6628,85.6776,70.0869,22.3541,8.861,13.548,102.4428,50.03,61.255,-7550.854,21.6364,23.0918,69.0758,71.1512,-7233.077,519.0934
India,2096,1535804.565,777167.074,758637.49,13584.811,20845.325,47.4399,-0.493,-305.966,1.6957,84.7808,83.8083,85.8035,70.2167,22.4483,8.845,13.573,102.4425,48.955,59.881,-7566.481,21.7335,23.183,69.2144,71.2713,-7260.514,516.5511
India,2097,1528221.481,773330.117,754891.364,13484.674,20786.428,47.5249,-0.497,-297.94,1.6957,84.91,83.9442,85.9252,70.3397,22.5369,8.824,13.602,102.4426,47.908,58.545,-7599.686,21.8235,23.2702,69.3443,71.3867,-7301.754,514.0006
India,2098,1520590.14,769469.233,751120.907,13363.236,20706.443,47.609,-0.504,-319.789,1.6931,85.0418,84.0837,86.0486,70.4656,22.6293,8.788,13.617,102.4428,46.822,57.19,-7662.996,21.9179,23.3607,69.4776,71.5046,-7343.207,511.4339
India,2099,1512932.636,765595.513,747337.124,13274.235,20626.481,47.6925,-0.506,-299.755,1.6948,85.1731,84.2215,86.1726,70.5906,22.7202,8.774,13.633,102.4431,45.792,55.883,-7652.011,22.01,23.4502,69.609,71.6223,-7352.246,508.8584
India,2100,1505251.761,761709.786,743541.975,13154.703,20544.878,47.7755,-0.512,-319.573,1.6926,85.2965,84.3512,86.289,70.7088,22.8066,8.739,13.649,102.4434,44.822,54.663,-7709.741,22.0974,23.5355,69.7334,71.7337,-7390.175,506.275
India,2101,,,,,,,,,,,,,,,,,,,,,,,,,,
